Category,Brand,File,Offer Name,Headline,Subheadline,Referral Link,How It Works,Why Choose,Features,Disclaimer,Brand Class,YouTube Video
Media,Amazon Prime Video,amazon-prime-video.html,Earn with Amazon Prime Video ? Affiliate Offer,Earn with Amazon Prime Video,Promote Amazon Prime Video and earn commissions through the Amazon Associates program. Get paid for every new sign-up and enjoy top streaming rewards!,http://www.amazon.co.uk/gp/video/primesignup?ref_=acph_piv&tag=mmc1983-21,"Sign Up: Join the Amazon Associates program for free. | Share Your Link: Promote your unique Prime Video referral link to your audience via social media, email, or your website. | Earn Commission: Earn a commission for every new Prime Video sign-up via your link (see Amazon Associates rates). | Track Performance: Monitor your clicks, sign-ups, and earnings in your Amazon Associates dashboard.","Thousands of Movies & TV Shows: Award-winning Amazon Originals, new releases, and classics. | Watch Anywhere: Stream on smart TVs, mobile, tablets, laptops, and more. | Download & Go: Download select titles to watch offline on the go. | X-Ray Functionality: See cast, trivia, and more while you watch. | Flexible Plans: Choose monthly or annual subscriptions to fit your needs. | Prime Benefits: Included with Amazon Prime for even more value.","30-Day Free Trial: New users get a 30-day free trial. Cancel anytime. | Flexible Plans: Monthly or annual subscriptions available. | Easy Sign-Up: Quick and easy sign-up process for your referrals. | Prime Benefits: Prime Video is included with Amazon Prime membership. | X-Ray: See cast, trivia, and more while you watch. | Download & Go: Download select titles to watch offline.",Amazon Associates rates apply. Commissions paid for qualifying sign-ups and purchases. Terms and conditions apply. Amazon,amazon-prime-video,https://www.youtube.com/watch?v=CYDTW-Wj52M
Business Tools,Baremetrics,baremetrics.html,Earn 20% Recurring Commission with Baremetrics,Get $50 Baremetrics Credit,"Sign up for Baremetrics and get $50 in account credit. Plus, refer friends and earn recurring commissions for each successful referral!",https://baremetrics.com/?via=michael-mccallum,"Sign Up: Click above to create your Baremetrics account. | Connect Your Data: Integrate with Stripe, Braintree, Recurly, or Chargebee. | Get $50 Credit: Receive $50 account credit after your first payment. | Refer Friends: Share your referral link and earn 20% recurring commission for every successful referral. | Track Earnings: Monitor your referrals and commissions in your Baremetrics dashboard.","SaaS Analytics: MRR, ARR, churn, LTV, and more at a glance. | Real-Time Insights: Instant dashboards and daily email reports. | Easy Integrations: Connect with Stripe, Braintree, Recurly, and Chargebee in seconds. | Growth Tools: Forecasting, recoveries, and cancellation insights. | Global Support: Used by SaaS businesses worldwide. | Recurring Commissions: Earn ongoing rewards for every referral.","MRR & ARR: Track monthly and annual recurring revenue. | Churn Analysis: Understand and reduce customer churn. | Recoveries: Automated failed payment recovery tools. | Forecasting: Predict future growth and revenue. | Integrations: Connect with Stripe, Braintree, Recurly, and Chargebee. | Global Support: Access from anywhere.",Baremetrics is trusted by 900+ SaaS companies. $50 credit applies to new customers only. Terms and conditions apply.,brand-baremetrics,https://www.youtube.com/watch?v=QR1N_LVCSt8
Cashback,BeFrugal,befrugal.html,Earn $10 Bonus with BeFrugal,Earn $10 Bonus with BeFrugal,"Invite friends to BeFrugal and you both get a $10 bonus when your friend earns $10 in Cash Back. Shop, save, and earn together!",https://www.befrugal.com/rs/EANFFOJ/,Invite Friends: Share your BeFrugal referral link with friends and family. | They Join & Earn: Your friend joins BeFrugal and earns $10 in Cash Back. | You Both Get $10: You and your friend each get a $10 bonus. Repeat for more rewards! | Unlimited Referrals: Refer as many friends as you like and keep earning bonuses. | Track Progress: Easily monitor your referrals and bonuses in your BeFrugal account.,"Highest Cash Back: Get up to 40% cash back at 5000+ top stores. | Safe & Trusted: A+ BBB rating, 2M+ members, $100M+ paid out. | Flexible Payouts: Get paid via PayPal, direct deposit, Venmo, Zelle, check, or gift card. | Easy to Use: Shop via website, app, or browser extension for instant savings. | Unlimited Referrals: No cap on how much you can earn.","5,000+ Stores: Earn cash back at your favorite retailers, from Amazon to Walmart. | $10 Sign-Up Bonus: New members get a $10 bonus after earning $10 in cash back. | Referral Rewards: Earn $10 for every friend who qualifies. No limit! | Top Rated: 4.8/5 stars from 5,000+ reviews. Trusted by millions. | Flexible Payouts: Choose from PayPal, direct deposit, Venmo, Zelle, check, or gift card.",BeFrugal Refer-a-Friend: $10 bonus for you and your friend after your friend earns $10 in cash back. Terms and conditions apply. SeeBeFrugal Termsfor details.,brand-befrugal,https://www.youtube.com/watch?v=ne1xfgYw6DQ
Cashback,Cashback.co.uk,cashback-co-uk.html,Earn with Cashback.co.uk ? Refer & Earn,Earn with Cashback.co.uk,Refer friends to Cashback.co.uk and earn 10% of their earnings for life! Your friends get a ?10 welcome bonus (instead of ?5) when they join with your link.,https://www.cashback.co.uk/referred?by=06a00233-1f02398d-b77d-6470-a6aa-444230303032&utm_source=refer-and-earn,"Share Cashback: Invite friends with your unique link. No limit to your earnings! | Friends Get ?10: Your referrals get a ?10 welcome bonus (instead of ?5) when they join and earn ?10. | Earn 10% for Life: You earn 10% of your referral's earnings for life, after they earn ?10. | Track Referrals: Use your dashboard to see your friends' progress and your lifetime earnings.","Extra Cashback: Earn cashback for shopping, surveys, offers, and more. | Unlimited Referrals: Refer as many friends as you like and earn from each one. | Easy to Use: Simple dashboard to track your referrals and earnings. | Trusted Platform: Thousands of members earning real rewards in the UK. | Fast Payouts: Withdraw your earnings quickly and easily.","Shop & Earn: Get cashback for shopping at hundreds of UK retailers. | Bonus Offers: Earn extra with daily surveys, bonus offers, and more. | Ongoing Rewards: Keep earning 10% of your referrals' cashback for life. | Fast Payouts: Cash out your earnings quickly and easily. | Unlimited Referrals: No cap on how much you can earn.",Cashback.co.uk Refer & Earn: Your friends get a ?10 welcome bonus (instead of ?5) when they join and earn ?10. You earn 10% of their earnings for life. Terms apply. SeeCashback.co.uk Refer & Earnfor details.,brand-cashbackcouk,https://www.youtube.com/watch?v=FWOxgfKouAQ
Business Tools,EngageBay,engagebay.html,Earn 30% Recurring Commission with EngageBay,Get 20% Off EngageBay,"Sign up for EngageBay and get 20% off your first purchase. Plus, refer friends and earn recurring commissions for each successful referral!",https://www.engagebay.com?ref=6594648379490304,Sign Up: Click above to create your EngageBay account. | Choose a Plan: Pick the right plan for your business needs. | Get 20% Off: Apply your discount at checkout on your first purchase. | Refer Friends: Share your referral link and earn 30% recurring commission for every successful referral. | Track Commissions: Monitor your referrals and earnings in your EngageBay dashboard.,"All-in-One CRM: Marketing, sales, and support tools in one platform. | Affordable Pricing: Plans start free, with paid options for growing teams. | Easy Automation: Automate marketing, sales, and support workflows. | Secure & Reliable: GDPR compliant and trusted by 46,000+ businesses. | Mobile App: Manage your business on the go. | Recurring Commissions: Earn ongoing rewards for every referral.","Email Marketing: Send beautiful emails and automate campaigns. | Sales CRM: Track leads, deals, and sales pipelines. | Live Chat: Engage website visitors in real time. | Analytics: Monitor performance with detailed reports. | Mobile App: Manage your business on the go. | Integrations: Connect with your favorite tools.","EngageBay is trusted by 46,000+ businesses. 20% discount applies to new customers only. Terms and conditions apply.",brand-engagebay,https://www.youtube.com/watch?v=3eBfV8dQJcI
Business Tools,Fiverr,fiverr.html,Earn Up to $100 per Referral with Fiverr,Get 10% Off Your First Fiverr Order,"Sign up for Fiverr and get 10% off your first order. Plus, refer friends and earn up to $100 for each successful referral!",https://www.fiverr.com/pe/AydjxR3,"Sign Up: Click above to create your Fiverr account. | Find a Freelancer: Browse thousands of gigs in design, writing, tech, and more. | Get 10% Off: Apply your discount at checkout on your first order. | Refer Friends: Share your referral link and earn up to $100 for each successful referral. | Track Rewards: View your referral status and rewards in your Fiverr account.",Global Talent: Access top freelancers from around the world. | Affordable Pricing: Gigs start from just ?5. No hidden fees. | Fast Turnaround: Get your project delivered quickly and efficiently. | Safe & Secure: Secure payments and 24/7 support. | Mobile App: Manage your orders and chat with freelancers on the go. | High Referral Rewards: Earn up to $100 per referral.,"Design: Logos, branding, web design, and more. | Writing: Copywriting, blog posts, and editing. | Tech: Programming, websites, and IT support. | Marketing: SEO, social media, and advertising. | Music & Audio: Voiceovers, mixing, and more. | Fast Turnaround: Get your project delivered quickly.",Fiverr is the world's largest freelance marketplace. 10% discount applies to new customers only. Terms and conditions apply.,brand-fiverr,https://www.youtube.com/watch?v=GArNqvlmrjU
Networks,Giffgaff,giffgaff.html,Get ?5 Free Credit with Giffgaff,Get ?5 Free Credit with Giffgaff,"Order a free SIM and activate with ?10 to get ?5 extra credit. Flexible, no-contract plans and free EU roaming!",https://www.giffgaff.com/orders/affiliate/michaelm19582,"Order a Free SIM: Click above to order your free Giffgaff SIM card. | Activate with ?10: Top up ?10 or more to activate your SIM and unlock your ?5 bonus credit. | Enjoy Flexible Plans: Pick a goodybag or pay as you go. No contracts, cancel anytime. | Refer & Earn: Share your referral link and earn ?5 for every friend who activates a SIM. | Track Bonuses: Monitor your referrals and bonuses in your Giffgaff account.","Flexible Plans: Change or pause your plan anytime. No contracts, ever. | Free EU Roaming: Use your UK allowance in the EU at no extra cost (up to 5GB/month). | Great Value: Goodybags from ?6/month. Unlimited texts and calls on all plans. | Keep Your Number: Switch easily and keep your existing number with a simple PAC code. | Refer & Earn: Earn ?5 for every friend you refer who activates a SIM. | O2 Network: Reliable coverage and fast 4G/5G speeds on the O2 network.","?6 Goodybag: 2GB data, unlimited calls & texts. Great for light users. | ?10 Goodybag: 15GB data, unlimited calls & texts. Most popular plan. | ?20 Goodybag: Always On data, unlimited calls & texts. Perfect for heavy users. | Free EU Roaming: Use your UK allowance in the EU at no extra cost. | Keep Your Number: Switch easily with a PAC code.","Giffgaff is a flexible, no-contract network powered by O2. ?5 bonus applies to new activations only. Terms and conditions apply.",brand-giffgaff,https://www.youtube.com/watch?v=W143eD2GImY
Business Tools,Mail Blaze,mailblaze.html,Earn Commissions with Mail Blaze Affiliate Program,Get 10% Off Mail Blaze,"Sign up for Mail Blaze and get 10% off your first purchase. Plus, refer friends and earn affiliate commissions for each successful referral!",https://www.mailblaze.com?affiliateid=CEE8,Sign Up: Click above to create your Mail Blaze account. | Choose a Plan: Pick the right plan for your business needs. | Get 10% Off: Apply your discount at checkout on your first purchase. | Refer Friends: Share your referral link and earn affiliate commissions for each successful referral. | Track Performance: Monitor your referrals and commissions in your Mail Blaze dashboard.,"Email Marketing: Send beautiful, responsive emails with ease. | Affordable Pricing: Plans for every business, with no hidden fees. | Easy Automation: Automate campaigns and workflows in minutes. | Secure & Reliable: GDPR compliant and trusted by thousands of businesses. | Mobile App: Manage your campaigns on the go. | Affiliate Commissions: Earn for every successful referral.","Analytics: Track opens, clicks, and campaign performance. | Integrations: Connect with your favourite tools and platforms. | List Management: Segment and manage your subscribers easily. | Templates: Choose from dozens of professional templates. | Mobile App: Manage campaigns on the go.",Mail Blaze is trusted by thousands of businesses. 10% discount applies to new customers only. Terms and conditions apply.,brand-mailblaze,https://www.youtube.com/watch?v=tscemi4a6ng
Banking,Monzo,monzo.html,Get up to ?50 with Monzo,Get ?5 Free with Monzo,"Open a Monzo account with the link below, make a card payment, and get ?5 free! Enjoy smart banking, instant notifications, and no monthly fees.",https://monzo.com/invite/cfcmalky,Sign Up: Click above to start your Monzo application. It only takes a few minutes! | Verify & Activate: Complete ID checks and activate your new Monzo debit card. | Make a Card Payment: Spend with your Monzo card to unlock your ?5 bonus. | Refer Friends: Share your referral link and earn up to ?50 for successful referrals. | Track Rewards: View your referral progress and bonuses in your Monzo app.,"Smart Banking: Instant notifications, spending insights, and budgeting tools. | No Fees: No monthly fees, no charges for spending abroad, and free UK bank transfers. | Safe & Secure: FSCS protected up to ?85,000. Freeze your card instantly if lost. | Innovative Features: Pots for saving, bill splitting, salary sorter, and more. | Travel Friendly: Use your card abroad with no extra fees and great exchange rates. | Joint Accounts: Open a joint account in minutes for easy shared spending.","Smart Banking: Instant notifications, spending insights, and budgeting tools. | No Fees: No monthly fees, no charges for spending abroad, and free UK bank transfers. | Safe & Secure: FSCS protected up to ?85,000. Freeze your card instantly if lost. | Innovative Features: Pots for saving, bill splitting, salary sorter, and more. | Travel Friendly: Use your card abroad with no extra fees and great exchange rates. | Joint Accounts: Open a joint account in minutes for easy shared spending.",Monzo is a fully regulated UK bank. ?5 bonus applies to new customers only. Terms and conditions apply.,brand-monzo,https://youtu.be/y2oKP21VCFw?si=s1nXFrzLVL_FUubz
Business Tools,Neuraltext,neuraltext.html,Earn Affiliate Commissions with NeuralText,Get 20% Off NeuralText,"Sign up for NeuralText and get 20% off your first purchase. Plus, refer friends and earn affiliate commissions for each successful referral!",https://neuraltext.com/?via=refer2earn,Sign Up: Click above to create your NeuralText account. | Choose a Plan: Pick the right plan for your needs. | Get 20% Off: Apply your discount at checkout on your first purchase. | Refer Friends: Share your referral link and earn affiliate commissions for each successful referral. | Track Earnings: Monitor your referrals and commissions in your NeuralText dashboard.,"AI Content: Generate blog posts, ads, and product descriptions in seconds. | SEO Tools: Optimize your content for search engines and outrank competitors. | Fast & Easy: Create, optimize, and publish content in minutes. | Affordable: Plans for every budget, with no hidden fees. | Web App: Access from any device, anywhere. | Affiliate Commissions: Earn for every successful referral.","Content Generator: Create articles, ads, and more with AI. | Keyword Research: Find the best keywords for your niche. | SEO Audit: Analyze and improve your website's SEO. | Content Planner: Plan and organize your content calendar. | Integrations: Connect with your favorite tools.",NeuralText is trusted by marketers worldwide. 20% discount applies to new customers only. Terms and conditions apply.,brand-neuraltext,https://www.youtube.com/watch?v=MK6iBawP5-U
Business Tools,Outseta,outseta.html,Get Started with Outseta ? All-in-One Membership Platform,Try Outseta Free for 7 Days,"Sign up for Outseta and get a 7-day free trial of the all-in-one membership platform for SaaS, courses, and communities. No credit card required!",https://www.outseta.com/?via=michael-mccallum,"Sign Up: Click above to create your Outseta account and start your free trial. | Set Up Your Site: Connect your domain, set up payments, and customize your member experience. | Launch & Grow: Manage members, payments, email, and supportall in one place. | Refer Friends: Share your referral link and earn rewards for each successful referral. | Track Progress: Monitor your referrals and rewards in your Outseta dashboard.","Payments & Subscriptions: Connect to Stripe and start accepting payments in minutes. | Email & CRM: All your member data, marketing, and transactional emails in one place. | Auth & Gating: Create member-only access and control content visibility. | Help Desk: Live chat, support tickets, and a branded knowledge base. | Reporting: Track MRR, engagement, and member activity with built-in analytics. | All-in-One Platform: Manage everything from one dashboard.","Quick Setup: Launch your membership site or SaaS in minutes. | Branded Embeds: Fully customizable sign up, login, and profile forms. | Integrations: Connect with Zapier, Webflow, and more. | Global Support: Used by membership sites and SaaS businesses worldwide. | Reporting: Track MRR, engagement, and member activity.","Outseta is the all-in-one platform for memberships, SaaS, and communities. 7-day free trial for new customers only. Terms and conditions apply.",brand-outseta,https://www.youtube.com/watch?v=0aTTwvhsJU0&t
Business Tools,Printify,printify.html,Earn 5% Commission with Printify,Earn 5% Commission with Printify,"Join the Printify Affiliate Program and earn 5% from every sale your referrals make. Free to join, global reach, and 1000+ products to promote!",https://try.printify.com/9opruuilxpy9,"Sign Up: Click above to join the Printify affiliate program for free. | Share Your Link: Promote Printify to creators, entrepreneurs, and online sellers. | Earn 5% Commission: Earn 5% of every sale made by your referrals for 12 months. | Track Sales: Monitor your referrals and commissions in your Printify affiliate dashboard.","1000+ Products: T-shirts, hoodies, mugs, phone cases, and more to promote. | Free to Join: No fees, no credit card required, and instant approval for affiliates. | Easy Integrations: Connect with Shopify, Etsy, WooCommerce, and more. | High Earning Potential: Earn recurring commissions for every sale your referrals make. | Trusted by 10M+ Sellers: Printify is rated 4.8/5 on Shopify and Trustpilot.","Fast Setup: Get started quickly with Printify's intuitive dashboard and onboarding. | Global Delivery: Printify partners with 140+ print providers worldwide. | Automated Fulfillment: Orders are automatically fulfilled and shipped to customers. | Trusted by 10M+ Sellers: Printify is rated 4.8/5 on Shopify and Trustpilot. | Easy Integrations: Connect with Shopify, Etsy, WooCommerce, and more.",Printify affiliate program: Earn 5% commission for every sale made by your referrals for 12 months. Free to join. Terms and conditions apply.,brand-printify,https://www.youtube.com/watch?v=qMGgJ_X8iRQ
Cashback,Quidco,quidco.html,Get ?25 with Quidco,Get ?25 with Quidco,"Refer a friend and earn ?25 cashback, plus your friend gets a ?20 sign-up bonus when they join and earn ?5 cashback.",https://quidco.com/raf/16276935/,"Sign Up: Join Quidco using the referral link. | Shop & Earn: Your friend earns ?5 cashback after joining. | Get Bonuses: You get ?25 cashback, and your friend gets a ?20 sign-up bonus. | Refer More: Keep referring friends for more rewards. | Track Progress: View your referrals and bonuses in your Quidco account.","Trusted Cashback Site: Earn cashback at 4,500+ top UK brands, with millions paid out to members. | Flexible Payouts: Withdraw your cashback to your bank, PayPal, or as gift cards. | Free to Join: No fees for standard accounts. Start saving instantly. | Award-Winning: Rated Excellent on Trustpilot. Multiple industry awards. | Ongoing Rewards: Keep earning with every referral.","Trusted Cashback Site: Earn cashback at 4,500+ top UK brands, with millions paid out to members. | Flexible Payouts: Withdraw your cashback to your bank, PayPal, or as gift cards. | Free to Join: No fees for standard accounts. Start saving instantly. | Award-Winning: Rated Excellent on Trustpilot. Multiple industry awards.",Your friend must earn ?5 cashback after joining for you to receive your bonus. Terms and conditions apply. See Quidco for full details.,brand-quidco,https://www.youtube.com/watch?v=wO0Fxkrn-Yk
Banking,Raisin,raisin.html,Get ?50 Bonus with Raisin UK,Get ?50 Bonus with Raisin UK,"Open a savings account via Raisin and get a ?50 welcome bonus when you deposit ?10,000 or more. Plus, refer friends and earn extra rewards for each successful referral!",https://www.raisin.co.uk/referral/?raf=cc8a4b753530856bba6f0765d724b1a90171e9e5&utm_source=transactional&utm_campaign=mandrill_customer-referral,"Sign Up: Click above to create your free Raisin UK account. | Deposit ?10,000+: Open a savings account and deposit at least ?10,000. | Get ?50 Bonus: Receive your ?50 bonus after your deposit is confirmed. | Refer Friends: Share your referral link and earn extra rewards for each successful referral. | Track Bonuses: Monitor your referrals and bonuses in your Raisin account.",Charter Savings Bank: Competitive fixed and easy access accounts. | Investec: Award-winning savings products. | Kent Reliance: Great rates and flexible terms. | Aldermore: Popular for fixed-rate bonds. | Bank of Ceylon: FSCS protected UK branch. | Extra Rewards: Earn more by referring friends.,Charter Savings Bank: Competitive fixed and easy access accounts. | Investec: Award-winning savings products. | Kent Reliance: Great rates and flexible terms. | Aldermore: Popular for fixed-rate bonds. | Bank of Ceylon: FSCS protected UK branch.,Raisin is a free service. ?50 bonus applies to new customers only. Terms and conditions apply.,brand-raisin,https://www.youtube.com/watch?v=ZG_vPFQW9CM
Cashback,Rakuten,rakuten.html,Get ?25 Cashback with Rakuten UK,Get ?25 Cashback with Rakuten UK,"Sign up for Rakuten UK and earn ?25 cashback on your first qualifying purchase. Plus, refer friends and earn even more cashback rewards for each successful referral!",https://rakuten.com/invite/yourreferralcode,"Join Free: Click the button above to create your free Rakuten account. No fees, no commitments - just start saving! | Shop & Spend ?50: Make purchases totaling ?50 (exc. VAT) across any participating brands within 90 days of joining. | Get ?25 Cashback: Receive your ?25 bonus plus ongoing cashback on all future purchases. Transfer to your bank or convert to points! | Refer Friends: Share your referral link and earn even more cashback rewards for each successful referral. | Track Rewards: Monitor your cashback and referral bonuses in your Rakuten account.","Highest Cashback: Earn up to 40% cashback at 2,500+ top stores. | Trusted Platform: Millions of members and ?1 billion+ paid out. | Flexible Payouts: Get paid via PayPal, bank transfer, or gift cards. | Easy to Use: Shop via website, app, or browser extension. | Exclusive Offers: Access special deals and bonus cashback events. | No Fees: Free to join, no hidden charges.","ASOS: Trendy fashion and accessories. | Nike: Sportswear and trainers for all ages. | Booking.com: Hotels, holidays, and travel deals. | LEGO: Toys and gifts for all ages. | Argos: Home, tech, and more. | John Lewis: Department store favourites.","No subscription fees, no hidden charges. ?25 bonus is guaranteed when you spend ?50. Terms and conditions apply.",brand-rakuten,https://www.youtube.com/watch?v=kDpEoiV0EZM
Business Tools,Sharelytics,sharelytics.html,Earn 30% Recurring Commission with Sharelytics,Earn 30% Recurring Commission with Sharelytics,"Sign up for the Sharelytics affiliate program and earn 30% recurring commission for every customer you refer! Plus, get $100 cash for top performers.",https://www.sharelytics.co?fpr=michael28,Sign Up: Click above to join the Sharelytics affiliate program. | Share Your Link: Share your unique referral link with car rental businesses and market researchers. | Earn 30% Commission: Earn 30% recurring commission for every paying customer you refer. | Track Commissions: Monitor your referrals and commissions in your Sharelytics dashboard.,Car Rental Data: Access real-time data and analytics for car rental businesses. | Market Research: Research your competitors and monitor your market with ease. | Actionable Insights: Get insights to grow your business and increase revenue. | Global Reach: Used by car rental businesses and market analysts worldwide. | Recurring Commissions: Earn ongoing rewards for every referral.,Growth Tracking: Monitor your business growth and performance over time. | Easy Integrations: Integrate Sharelytics with your existing tools and platforms. | Fast Setup: Get started quickly with an intuitive dashboard and onboarding. | Support: Responsive support for affiliates and customers.,Sharelytics affiliate program: 30% recurring commission for every paying customer referred. $100 cash bonus for top affiliates. Terms and conditions apply.,brand-sharelytics,https://www.youtube.com/watch?v=vNZdMbvr2rg
Shopping,Shein,shein.html,Earn with SHEIN ? Affiliate Offer,Earn with SHEIN,Promote SHEIN and earn commissions through the SHEIN Affiliate Program. Get paid for every sale your referrals make!,https://shein.top/vkko2ol,Sign Up: Join the SHEIN Affiliate Program for free. | Share Your Link: Promote your unique SHEIN referral link to your audience. | Earn Commission: Earn a commission for every sale made via your link (see SHEIN affiliate rates). | Track Sales: Monitor your referrals and commissions in your SHEIN affiliate dashboard.,"Latest Fashion: Thousands of new styles added daily for women, men, and kids. | Global Reach: SHEIN ships to over 220 countries and regions worldwide. | Affordable Prices: Trendy fashion at prices everyone can love. | Trusted Brand: Millions of happy customers and influencers worldwide. | Exclusive Offers: Special deals and discounts for affiliates and their referrals.","Fast Shipping: Quick delivery to your door, wherever you are. | Exclusive Offers: Special deals and discounts for affiliates and their referrals. | Easy Sign-Up: Quick and easy sign-up process for your referrals. | Mobile Shopping: Shop and earn on the go with the SHEIN app.",SHEIN affiliate rates apply. Commissions paid for qualifying sales. Terms and conditions apply. SHEIN and all related marks are trademarks of SHEIN Group Ltd.,brand-shein,https://www.youtube.com/watch?v=ozoyIXso1tk
Business Tools,Super Monitoring,supermonitoring.html,Super Monitoring Referral Offer,Super Monitoring,"Website uptime and performance monitoring. Get notified instantly about downtime, slow loading, SSL issues, domain expiry, and more. Trusted by major brands.Earn a 30% lifetime commission for every customer you refer!",https://www.supermonitoring.com/?gr_pk=qr1Z,Sign Up: Click above to join the Super Monitoring affiliate program. | Share Your Link: Share your unique referral link with your audience or clients. | Earn 30% Commission: Earn 30% recurring commission for every paying customer you refer. | Track Performance: Monitor your referrals and commissions in your Super Monitoring dashboard.,"Instant Alerts: Get notified immediately about downtime or issues. | SSL & Domain Monitoring: Track SSL certificate and domain expiry automatically. | Performance Checks: Monitor site speed, uptime, and core web vitals. | Detailed Reports: Access weekly/monthly reports and root cause analysis. | Easy Integrations: Works with WordPress, Drupal, Magento, Zapier, and more. | Trusted Worldwide: Used by top brands and agencies since 2008.",WordPress: Plugin for easy site monitoring. | Drupal: CMS integration for seamless setup. | Magento: E-commerce monitoring made simple. | Zapier: Automate alerts and workflows. | Slack: Get instant notifications in your team chat. | API & Webhooks: Custom integrations for advanced users.,Partnership has been accepted. You can now start referring Super Monitoring. Terms and conditions apply. See the official site for full details.,brand-supermonitoring,https://www.youtube.com/watch?v=EUUbaqqLH9s
Cashback,TopCashback,topcashback.html,Get ?10 Bonus with TopCashback,Get ?10 Bonus with TopCashback,"Sign up for TopCashback and earn a ?10 bonus on your first qualifying purchase. Plus, refer friends and earn even more cashback rewards for each successful referral!",https://www.topcashback.co.uk/ref/michaelm19582,"Join Free: Click above to create your free TopCashback account. | Shop Online: Make a qualifying purchase at any of 5,000+ retailers via TopCashback. | Get ?10 Bonus: Receive your ?10 bonus plus ongoing cashback on all future purchases. | Refer Friends: Share your referral link and earn even more cashback rewards for each successful referral. | Track Earnings: Monitor your cashback and referral bonuses in your TopCashback account.","Highest Cashback: Earn up to 30% cashback at 5,000+ UK retailers. | Fast Payouts: Withdraw to your bank, PayPal, or as gift cards. | Bonus Offers: Regular bonus cashback and exclusive deals for members. | Safe & Secure: Trusted by millions of UK shoppers since 2005. | Mobile App: Earn cashback on the go with the TopCashback app.","Tesco: Groceries, home, and more. | ASOS: Fashion and accessories. | John Lewis: Department store favourites. | Currys: Tech, appliances, and gadgets. | Argos: Home, tech, and more. | + 4,995 More: Thousands of other top UK brands.","No subscription fees, no hidden charges. ?10 bonus is guaranteed when you make a qualifying purchase. Terms and conditions apply.",brand-topcashback,https://www.youtube.com/watch?v=YRaBCm0LbUs
Business Tools,Userback,userback.html,Userback Referral Offer,Userback,"Collect and act on user feedback 10x faster with Userback. Visual feedback, bug reporting, surveys, session replay, and moreall in one platform for product teams.Earn a 35% commission for 12 months for every customer you refer!",https://userback.io/?via=michael,Sign Up: Click above to join the Userback affiliate program. | Share Your Link: Share your unique referral link with your network or clients. | Earn 35% Commission: Earn 35% commission for 12 months for every paying customer you refer. | Track Referrals: Monitor your referrals and commissions in your Userback dashboard.,"Visual Feedback: Collect annotated screenshots, videos, and bug reports from users. | User Surveys: Gather insights with targeted surveys and NPS. | Session Replay: Watch replays to understand user issues in context. | Automated Workflows: Integrate feedback into your product and support tools. | Secure & Compliant: GDPR & SOC 2 Type II certified, with strong encryption. | Trusted Worldwide: Used by 20,000+ product teams and agencies.",WordPress: Free feedback plugin for WordPress sites. | Jira: Send feedback directly to your dev team. | Slack: Get instant notifications in your team chat. | Trello: Create actionable cards from feedback. | Zapier: Automate feedback workflows with 1000+ apps. | API & Webhooks: Custom integrations for advanced users.,35% commission applies for the first 12 months of each referred customer. $50 minimum payout via PayPal. 28-day cookie. Terms and conditions apply. See the official site for full details.,brand-userback,https://www.youtube.com/watch?v=SZ4gsOrXoUc
Networks,Virgin,virgin.html,Get ?50 Cash Back with Virgin Media,Get ?50 Cash Back with Virgin Media,"Sign up for Virgin Media broadband and get ?50 cash back. Plus, refer friends and earn extra rewards for each successful referral!",https://aklam.io/oziZHC,"Click to Visit: Use the button above to visit Virgin Media's website. | Choose Your Package: Select the perfect broadband, TV, or bundle package for your needs. | Get Connected: Complete your order and schedule your professional installation. | Refer Friends: Share your referral link and earn extra rewards for each successful referral. | Track Rewards: Monitor your referrals and bonuses in your Virgin Media account.","Superfast Broadband: Speeds from 132Mbps up to 1.1Gbps on Virgin's own cable network with 99.91% reliability. | Premium TV & Entertainment: 150+ channels, Sky Sports, Netflix, Disney+, and Virgin TV Go app for streaming. | Mobile & Volt Bundles: Combine Virgin broadband with O2 mobile for double data, speed boosts, and O2 Priority perks. | Smart Home Features: WiFi Guarantee, Intelligent WiFi Plus, and Hub 5 router for whole-home coverage. | Gaming & Streaming: Ultra-low latency for gaming, 4K streaming, and bandwidth for multiple devices. | Student Deals: Special offers for students, including flexible contracts and exclusive discounts.","Superfast Broadband: Speeds from 132Mbps up to 1.1Gbps on Virgin's own cable network with 99.91% reliability. | Premium TV & Entertainment: 150+ channels, Sky Sports, Netflix, Disney+, and Virgin TV Go app for streaming. | Mobile & Volt Bundles: Combine Virgin broadband with O2 mobile for double data, speed boosts, and O2 Priority perks. | Smart Home Features: WiFi Guarantee, Intelligent WiFi Plus, and Hub 5 router for whole-home coverage. | Gaming & Streaming: Ultra-low latency for gaming, 4K streaming, and bandwidth for multiple devices. | Student Deals: Special offers for students, including flexible contracts and exclusive discounts.","This referral program is managed by Virgin Media's partner, Aklamio. Terms and conditions apply. Cash back subject to successful activation of qualifying packages.",brand-virgin,https://www.youtube.com/watch?v=Aw1bYlza7Ak&t
Banking,Wise,wise.html,Share Wise and Earn ?75,Share Wise and Earn ?75,Invite 3 friends to Wise and earn ?75 for yourself. Your friends get a free card or a transfer up to ?500 with zero fees!,https://wise.com/invite/dic/michaelm19582,Share Your Link: Use the button above to invite friends to Wise with your unique referral link. | Invite 3 Friends: Get a reward for every 3 friends who sign up and make qualifying payments. | They Get a Free Card or Transfer: Your friends can choose a free Wise card or a transfer up to ?500 (if available in their region). | Track Progress: Monitor your referrals and rewards in your Wise account.,"Low Fees: Send money abroad with some of the lowest fees and best exchange rates in the market. | Multi-Currency Account: Hold and convert 50+ currencies, get local account details in GBP, EUR, USD, and more. | Free Debit Card: Spend worldwide with the Wise card and enjoy real exchange rates with no hidden fees. | Fast Transfers: Most transfers arrive within hours, sometimes instantly. | Safe & Regulated: Wise is FCA regulated and trusted by millions globally. | Easy to Use: Manage your money on the go with the Wise app or website.",International Payments: Send money to over 70 countries quickly and securely. | Freelancers & Expats: Get paid like a local and avoid high bank fees when working or living abroad. | Online Shopping: Shop internationally and pay in local currencies with your Wise card. | Travel: Spend abroad with no hidden fees and the real exchange rate.,This referral program is managed by Wise. Terms and conditions apply. Rewards are subject to successful referrals and qualifying transactions. See Wise website for full details.,brand-wise,https://www.youtube.com/watch?v=Bc-f9PWm-24
